Source,Target,Weight
https://kamknap.github.io/index.html,https://kamknap.github.io/services.html,0.14764889531208691
https://kamknap.github.io/index.html,https://kamknap.github.io/contact.html,0.14764889531208691
https://kamknap.github.io/index.html,https://kamknap.github.io/about.html,0.14764889531208691
https://kamknap.github.io/index.html,https://kamknap.github.io/portfolio.html,0.14764889531208691
https://kamknap.github.io/index.html,https://kamknap.github.io/blog.html,0.14764889531208691
https://kamknap.github.io/index.html,https://kamknap.github.io/index.html,0.14764889531208691
https://kamknap.github.io/about.html,https://kamknap.github.io/services.html,0.14764889531208691
https://kamknap.github.io/about.html,https://kamknap.github.io/contact.html,0.14764889531208691
https://kamknap.github.io/about.html,https://kamknap.github.io/about.html,0.14764889531208691
https://kamknap.github.io/about.html,https://kamknap.github.io/portfolio.html,0.14764889531208691
https://kamknap.github.io/about.html,https://kamknap.github.io/blog.html,0.14764889531208691
https://kamknap.github.io/about.html,https://kamknap.github.io/articlePhp.html,0.14764889531208691
https://kamknap.github.io/about.html,https://kamknap.github.io/article.html,0.14764889531208691
https://kamknap.github.io/about.html,https://kamknap.github.io/index.html,0.14764889531208691
https://kamknap.github.io/services.html,https://kamknap.github.io/services.html,0.14764889531208691
https://kamknap.github.io/services.html,https://kamknap.github.io/contact.html,0.14764889531208691
https://kamknap.github.io/services.html,https://kamknap.github.io/about.html,0.14764889531208691
https://kamknap.github.io/services.html,https://kamknap.github.io/portfolio.html,0.14764889531208691
https://kamknap.github.io/services.html,https://kamknap.github.io/blog.html,0.14764889531208691
https://kamknap.github.io/services.html,https://kamknap.github.io/index.html,0.14764889531208691
https://kamknap.github.io/portfolio.html,https://kamknap.github.io/services.html,0.14764889531208691
https://kamknap.github.io/portfolio.html,https://kamknap.github.io/contact.html,0.14764889531208691
https://kamknap.github.io/portfolio.html,https://kamknap.github.io/about.html,0.14764889531208691
https://kamknap.github.io/portfolio.html,https://kamknap.github.io/portfolio.html,0.14764889531208691
https://kamknap.github.io/portfolio.html,https://kamknap.github.io/blog.html,0.14764889531208691
https://kamknap.github.io/portfolio.html,https://kamknap.github.io/index.html,0.14764889531208691
https://kamknap.github.io/blog.html,https://kamknap.github.io/services.html,0.14764889531208691
https://kamknap.github.io/blog.html,https://kamknap.github.io/contact.html,0.14764889531208691
https://kamknap.github.io/blog.html,https://kamknap.github.io/about.html,0.14764889531208691
https://kamknap.github.io/blog.html,https://kamknap.github.io/portfolio.html,0.14764889531208691
https://kamknap.github.io/blog.html,https://kamknap.github.io/blog.html,0.14764889531208691
https://kamknap.github.io/blog.html,https://kamknap.github.io/articlePhp.html,0.14764889531208691
https://kamknap.github.io/blog.html,https://kamknap.github.io/article.html,0.14764889531208691
https://kamknap.github.io/blog.html,https://kamknap.github.io/index.html,0.14764889531208691
https://kamknap.github.io/contact.html,https://kamknap.github.io/services.html,0.14764889531208691
https://kamknap.github.io/contact.html,https://kamknap.github.io/contact.html,0.14764889531208691
https://kamknap.github.io/contact.html,https://kamknap.github.io/about.html,0.14764889531208691
https://kamknap.github.io/contact.html,https://kamknap.github.io/portfolio.html,0.14764889531208691
https://kamknap.github.io/contact.html,https://kamknap.github.io/blog.html,0.14764889531208691
https://kamknap.github.io/contact.html,https://kamknap.github.io/index.html,0.14764889531208691
https://kamknap.github.io/article.html,https://kamknap.github.io/services.html,0.05705331406373921
https://kamknap.github.io/article.html,https://kamknap.github.io/contact.html,0.05705331406373921
https://kamknap.github.io/article.html,https://kamknap.github.io/about.html,0.05705331406373921
https://kamknap.github.io/article.html,https://kamknap.github.io/portfolio.html,0.05705331406373921
https://kamknap.github.io/article.html,https://kamknap.github.io/blog.html,0.05705331406373921
https://kamknap.github.io/article.html,https://kamknap.github.io/articlePhp.html,0.05705331406373921
https://kamknap.github.io/article.html,https://kamknap.github.io/index.html,0.05705331406373921
https://kamknap.github.io/articlePhp.html,https://kamknap.github.io/services.html,0.05705331406373921
https://kamknap.github.io/articlePhp.html,https://kamknap.github.io/contact.html,0.05705331406373921
https://kamknap.github.io/articlePhp.html,https://kamknap.github.io/about.html,0.05705331406373921
https://kamknap.github.io/articlePhp.html,https://kamknap.github.io/portfolio.html,0.05705331406373921
https://kamknap.github.io/articlePhp.html,https://kamknap.github.io/blog.html,0.05705331406373921
https://kamknap.github.io/articlePhp.html,https://kamknap.github.io/article.html,0.05705331406373921
https://kamknap.github.io/articlePhp.html,https://kamknap.github.io/index.html,0.05705331406373921
